{
    "providers": [

        {"type": "bitmap","file": "simple_world_transition/background.png","ascent": 256,"height": 2500,"chars": ["\uE901"]},
        {"type":"bitmap","file":"simple_world_transition/shift.png","ascent": -32768,"height": 48,"chars":["\uE903"]},
	    {"type":"bitmap","file":"simple_world_transition/shift.png","ascent": -32768,"height": -985,"chars":["\uE904"]},
        {"type":"bitmap","file":"simple_world_transition/shift.png","ascent": -32768,"height": -1536,"chars":["\uE905"]}
	]
}